position,refAA,aminoAcid,refId,mAb
234,N,Q,Li20h,"=""157"""
234,N,Q,Li20h,"=""247"""
234,N,Q,Li20h,"=""AB35"""
234,N,Q,Li20h,"=""B38"""
234,N,Q,Li20h,"=""CB6"""
234,N,Q,Li20h,"=""H00S022"""
234,N,Q,Li20h,"=""H014"""
234,N,Q,Li20h,"=""P2C-1F11"""
345,T,A,Liu20h,"=""2H04"""
345,T,N,Liu20h,"=""2H04"""
345,T,S,Liu20h,"=""2H04"""
346,R,G,Liu20h,"=""2H04"""
346,R,G,Liu20h,"=""SARS2-01"""
346,R,K,Weisblum20,"=""C135"""
346,R,S,Weisblum20,"=""C135"""
352,A,D,Liu20h,"=""SARS2-01"""
378,K,E,Liu20h,"=""SARS2-31"""
378,K,N,Greaney20,"=""COV2-2082"""
378,K,Q,Liu20h,"=""SARS2-31"""
406,E,W,Starr20b,"=""REGN-COV2"""
406,E,W,Starr20b,"=""REGN10933"""
406,E,W,Starr20b,"=""REGN10987"""
408,R,K,Liu20h,"=""SARS2-31"""
417,K,E,Baum20,"=""REGN10933"""
417,K,E,Greaney20,"=""COV2-2082"""
417,K,N,Starr20b,"=""LY-CoV2016"""
420,D,R,Greaney20,"=""COV2-2165"""
435,A,S,Li20h,"=""H014"""
439,N,K,Li20h,"=""H00S022"""
439,N,K,Starr20b,"=""REGN10987"""
439,N,K,Weisblum20,"=""C135"""
440,N,D,Starr20b,"=""REGN10987"""
440,N,K,Weisblum20,"=""C135"""
441,L,R,Liu20h,"=""2H04"""
444,K,E,Liu20h,"=""2H04"""
444,K,E,Liu20h,"=""SARS2-21"""
444,K,E,Liu20h,"=""SARS2-22"""
444,K,N,Liu20h,"=""SARS2-21"""
444,K,N,Liu20h,"=""SARS2-22"""
444,K,N,Weisblum20,"=""C135"""
444,K,Q,Baum20,"=""REGN10934"""
444,K,Q,Baum20,"=""REGN10987"""
444,K,Q,Starr20b,"=""REGN10987"""
444,K,Q,Weisblum20,"=""C135"""
444,K,R,Liu20h,"=""SARS2-22"""
445,V,A,Baum20,"=""REGN10987"""
445,V,G,Liu20h,"=""SARS2-22"""
445,V,L,Weisblum20,"=""C135"""
446,G,D,Liu20h,"=""SARS2-02"""
446,G,D,Liu20h,"=""SARS2-22"""
446,G,D,Liu20h,"=""SARS2-32"""
446,G,V,Liu20h,"=""SARS2-02"""
446,G,V,Weisblum20,"=""C121"""
446,G,V,Weisblum20,"=""C135"""
449,Y,N,Tortorici20,"=""S2M11"""
450,N,D,Baum20,"=""REGN10934"""
450,N,D,Baum20,"=""REGN10987"""
450,N,D,Liu20h,"=""SARS2-07"""
450,N,K,Liu20h,"=""SARS2-32"""
450,N,Y,Liu20h,"=""SARS2-32"""
452,L,R,Li20h,"=""P2B-2F6"""
452,L,R,Li20h,"=""X593"""
452,L,R,Liu20h,"=""SARS2-01"""
452,L,R,Liu20h,"=""SARS2-32"""
453,Y,F,Baum20,"=""REGN10933"""
455,L,F,Baum20,"=""REGN10933"""
455,L,F,Tortorici20,"=""S2M11"""
455,L,F,Weisblum20,"=""C121"""
455,L,F,Weisblum20,"=""C144"""
455,L,R,Liu20e,"=""1-20"""
455,L,R,Liu20e,"=""2-15"""
455,L,R,Liu20e,"=""2-4"""
455,L,R,Liu20e,"=""4-20"""
455,L,R,Weisblum20,"=""C121"""
455,L,R,Weisblum20,"=""C144"""
456,F,V,Weisblum20,"=""C121"""
456,F,V,Weisblum20,"=""C144"""
458,K,Q,Liu20h,"=""SARS2-66"""
460,N,T,Starr20b,"=""LY-CoV2016"""
472,I,V,Li20h,"=""X593"""
474,Q,P,Liu20h,"=""SARS2-34"""
475,A,R,Liu20e,"=""1-20"""
475,A,R,Liu20e,"=""2-15"""
475,A,R,Liu20e,"=""2-4"""
475,A,R,Liu20e,"=""4-20"""
475,A,V,Li20h,"=""157"""
475,A,V,Li20h,"=""247"""
475,A,V,Li20h,"=""B38"""
475,A,V,Li20h,"=""CA1"""
475,A,V,Li20h,"=""CB6"""
475,A,V,Li20h,"=""P2C-1F11"""
475,A,V,Starr20b,"=""LY-CoV2016"""
476,G,D,Liu20h,"=""SARS2-21"""
476,G,D,Liu20h,"=""SARS2-34"""
476,G,D,Liu20h,"=""SARS2-71"""
476,G,S,Liu20h,"=""SARS2-21"""
477,S,G,Liu20h,"=""SARS2-07"""
477,S,G,Liu20h,"=""SARS2-16"""
477,S,G,Liu20h,"=""SARS2-19"""
477,S,G,Liu20h,"=""SARS2-34"""
477,S,G,Liu20h,"=""SARS2-58"""
477,S,G,Liu20h,"=""SARS2-71"""
477,S,I,Liu20h,"=""SARS2-58"""
477,S,N,Liu20h,"=""SARS2-07"""
477,S,N,Liu20h,"=""SARS2-16"""
477,S,N,Liu20h,"=""SARS2-19"""
477,S,N,Liu20h,"=""SARS2-34"""
477,S,N,Liu20h,"=""SARS2-58"""
477,S,R,Liu20h,"=""SARS2-07"""
477,S,R,Liu20h,"=""SARS2-16"""
477,S,R,Liu20h,"=""SARS2-23"""
477,S,R,Liu20h,"=""SARS2-34"""
478,T,I,Liu20h,"=""SARS2-19"""
478,T,I,Liu20h,"=""SARS2-21"""
478,T,I,Liu20h,"=""SARS2-71"""
478,T,P,Liu20h,"=""SARS2-71"""
479,P,L,Liu20h,"=""SARS2-34"""
479,P,L,Liu20h,"=""SARS2-71"""
479,P,S,Liu20h,"=""SARS2-21"""
483,V,A,Li20h,"=""P2B-2F6"""
483,V,A,Li20h,"=""X593"""
483,V,A,Weisblum20,"=""C121"""
483,V,F,Liu20h,"=""SARS2-23"""
483,V,G,Liu20h,"=""SARS2-23"""
484,E,A,Liu20h,"=""1B07"""
484,E,A,Liu20h,"=""2B04"""
484,E,A,Weisblum20,"=""C121"""
484,E,A,Weisblum20,"=""C144"""
484,E,D,Liu20h,"=""1B07"""
484,E,D,Liu20h,"=""SARS2-23"""
484,E,D,Liu20h,"=""SARS2-66"""
484,E,D,Weisblum20,"=""C121"""
484,E,D,Weisblum20,"=""C144"""
484,E,G,Liu20h,"=""1B07"""
484,E,K,Baum20,"=""REGN10933"""
484,E,K,Baum20,"=""REGN10934"""
484,E,K,Baum20,"=""REGN10989"""
484,E,K,Baum20,"=""REGN10989/10934"""
484,E,K,Liu20h,"=""1B07"""
484,E,K,Liu20h,"=""2B04"""
484,E,K,Liu20h,"=""SARS2-02"""
484,E,K,Liu20h,"=""SARS2-32"""
484,E,K,Liu20h,"=""SARS2-55"""
484,E,K,Tortorici20,"=""S2M11"""
484,E,K,Weisblum20,"=""C121"""
484,E,K,Weisblum20,"=""C144"""
484,E,Q,Tortorici20,"=""S2M11"""
484,E,Q,Weisblum20,"=""C121"""
484,E,Q,Weisblum20,"=""C144"""
484,E,V,Greaney20,"=""COV2-2479"""
485,G,D,Baum20,"=""REGN10989"""
486,F,A,Greaney20,"=""COV2-2832"""
486,F,I,Baum20,"=""REGN10933"""
486,F,I,Starr20b,"=""REGN10933"""
486,F,K,Baum20,"=""REGN10933"""
486,F,K,Starr20b,"=""REGN10933"""
486,F,L,Liu20h,"=""SARS2-21"""
486,F,S,Liu20h,"=""2B04"""
486,F,S,Liu20h,"=""SARS2-21"""
486,F,V,Baum20,"=""REGN10933"""
486,F,V,Liu20h,"=""SARS2-58"""
486,F,V,Liu20h,"=""SARS2-71"""
486,F,V,Starr20b,"=""REGN10933"""
486,F,Y,Liu20h,"=""1B07"""
487,N,R,Greaney20,"=""COV2-2165"""
487,N,R,Greaney20,"=""COV2-2832"""
490,F,K,Greaney20,"=""COV2-2479"""
490,F,L,Baum20,"=""REGN10934"""
490,F,L,Baum20,"=""REGN10989"""
490,F,L,Baum20,"=""REGN10989/10934"""
490,F,L,Li20h,"=""261-262"""
490,F,L,Li20h,"=""H4"""
490,F,L,Li20h,"=""P2B-2F6"""
490,F,L,Li20h,"=""X593"""
490,F,L,Liu20h,"=""SARS2-66"""
490,F,L,Tortorici20,"=""S2M11"""
490,F,L,Weisblum20,"=""C121"""
490,F,L,Weisblum20,"=""C144"""
490,F,S,Baum20,"=""REGN10934"""
490,F,S,Baum20,"=""REGN10989"""
490,F,S,Baum20,"=""REGN10989/10934"""
490,F,S,Liu20h,"=""SARS2-32"""
490,F,S,Tortorici20,"=""S2M11"""
490,F,S,Weisblum20,"=""C121"""
493,Q,K,Baum20,"=""REGN10933"""
493,Q,K,Baum20,"=""REGN10989"""
493,Q,K,Baum20,"=""REGN10989/10934"""
493,Q,K,Starr20b,"=""REGN10933"""
493,Q,K,Weisblum20,"=""C121"""
493,Q,K,Weisblum20,"=""C144"""
493,Q,L,Weisblum20,"=""C121"""
493,Q,L,Weisblum20,"=""C144"""
493,Q,R,Weisblum20,"=""C121"""
493,Q,R,Weisblum20,"=""C144"""
494,S,P,Liu20h,"=""SARS2-01"""
494,S,P,Tortorici20,"=""S2M11"""
494,S,P,Weisblum20,"=""C121"""
494,S,P,Weisblum20,"=""C144"""
499,P,L,Liu20h,"=""SARS2-07"""
502,G,R,Liu20e,"=""1-20"""
502,G,R,Liu20e,"=""2-15"""
502,G,R,Liu20e,"=""2-4"""
502,G,R,Liu20e,"=""4-20"""
504,G,D,Liu20h,"=""SARS2-31"""
508,Y,H,Li20h,"=""H014"""
514,S,F,Liu20h,"=""SARS2-19"""
517,L,R,Liu20h,"=""2H04"""
831,A,V,Li20h,"=""B38"""
