Ref,Mutations,MAbs,,Pos,AAs,Refs,,Pos,AAs,MAbs,,Refs,MAbs
Baum20,417E; 444Q; 445A; 450D; 453F; 455F; 484K; 485D; 486V; 490LS; 493K,REGN-COV2; REGN10933; REGN10934; REGN10987; REGN10989; REGN10989/10934; REGN10989/10987,,234,Q,Li20h,,234,Q,157; 247; AB35; B38; CB6; H00S022; H014; P2C-1F11,,Liu20e,1-20; 2-15; 2-4; 4-20
Greaney20,378N; 417E; 420R; 484V; 486A; 487R; 490K,COV2-2082; COV2-2165; COV2-2479; COV2-2832,,345,ANS,Liu20h,,345,ANS,2H04,,Li20h,157; 247; 261-262; AB35; B38; CA1; CB6; H00S022; H014; H4; P2B-2F6; P2C-1F11; X593
Li20h,234Q; 435S; 439K; 452R; 472V; 475V; 483A; 490L; 508H; 831V,157; 247; 261-262; AB35; B38; CA1; CB6; H00S022; H014; H4; P2B-2F6; P2C-1F11; X593,,346,GKS,Liu20h; Weisblum20,,346,GKS,2H04; C135; SARS2-01,,Liu20h,1B07; 2B04; 2H04; SARS2-01; SARS2-02; SARS2-07; SARS2-16; SARS2-19; SARS2-21; SARS2-22; SARS2-23; SARS2-31; SARS2-32; SARS2-34; SARS2-55; SARS2-58; SARS2-66; SARS2-71
Liu20e,455R; 475R; 502R,1-20; 2-15; 2-4; 4-20,,352,D,Liu20h,,352,D,SARS2-01,,Weisblum20,C121; C135; C144
Liu20h,345ANS; 346G; 352D; 378EQ; 408K; 441R; 444ENR; 445G; 446DV; 450DKY; 452R; 458Q; 474P; 476DS; 477GINR; 478IP; 479LS; 483FG; 484ADGK; 486LSVY; 490LS; 494P; 499L; 504D; 514F; 517R,1B07; 2B04; 2H04; SARS2-01; SARS2-02; SARS2-07; SARS2-16; SARS2-19; SARS2-21; SARS2-22; SARS2-23; SARS2-31; SARS2-32; SARS2-34; SARS2-55; SARS2-58; SARS2-66; SARS2-71,,378,ENQ,Greaney20; Liu20h,,378,ENQ,COV2-2082; SARS2-31,,Greaney20,COV2-2082; COV2-2165; COV2-2479; COV2-2832
Starr20b,406W; 417N; 439K; 440D; 444Q; 460T; 475V; 486IK; 493K,LY-CoV2016; REGN-COV2; REGN10933; REGN10987,,406,W,Starr20b,,406,W,REGN-COV2; REGN10933; REGN10987,,Starr20b,LY-CoV2016; REGN-COV2; REGN10933; REGN10987
Tortorici20,449N; 455F; 484KQ; 490LS; 494P,S2M11,,408,K,Liu20h,,408,K,SARS2-31,,Baum20,REGN-COV2; REGN10933; REGN10934; REGN10987; REGN10989; REGN10989/10934; REGN10989/10987
Weisblum20,346KS; 439K; 440K; 444NQT; 445EGIL; 446V; 455FR; 456V; 483A; 484ADKQ; 490LS; 493KLR; 494P,C121; C135; C144,,417,EN,Baum20; Greaney20; Starr20b,,417,EN,COV2-2082; LY-CoV2016; REGN10933,,Tortorici20,S2M11
,,,,420,R,Greaney20,,420,R,COV2-2165,,,
,,,,435,S,Li20h,,435,S,H014,,,
,,,,439,K,Li20h; Starr20b; Weisblum20,,439,K,C135; H00S022; REGN10987,,,
,,,,440,DK,Starr20b; Weisblum20,,440,DK,C135; REGN10987,,,
,,,,441,R,Liu20h,,441,R,2H04,,,
,,,,444,ENQRT,Baum20; Liu20h; Starr20b; Weisblum20,,444,ENQRT,2H04; C121; C135; REGN10934; REGN10987; REGN10989/10934; SARS2-21; SARS2-22,,,
,,,,445,AEGIL,Baum20; Liu20h; Weisblum20,,445,AEGIL,C121; C135; REGN-COV2; REGN10987; REGN10989/10934; REGN10989/10987; SARS2-22,,,
,,,,446,DV,Liu20h; Weisblum20,,446,DV,C121; C135; SARS2-02; SARS2-22; SARS2-32,,,
,,,,449,N,Tortorici20,,449,N,S2M11,,,
,,,,450,DKY,Baum20; Liu20h,,450,DKY,REGN-COV2; REGN10934; REGN10987; REGN10989; REGN10989/10934; REGN10989/10987; SARS2-07; SARS2-32,,,
,,,,452,R,Li20h; Liu20h,,452,R,P2B-2F6; SARS2-01; SARS2-32; X593,,,
,,,,453,F,Baum20,,453,F,REGN10933; REGN10989/10934,,,
,,,,455,FR,Baum20; Liu20e; Tortorici20; Weisblum20,,455,FR,1-20; 2-15; 2-4; 4-20; C121; C144; REGN10933; S2M11,,,
,,,,456,V,Weisblum20,,456,V,C121; C144,,,
,,,,458,Q,Liu20h,,458,Q,SARS2-66,,,
,,,,460,T,Starr20b,,460,T,LY-CoV2016,,,
,,,,472,V,Li20h,,472,V,X593,,,
,,,,474,P,Liu20h,,474,P,SARS2-34,,,
,,,,475,RV,Li20h; Liu20e; Starr20b,,475,RV,1-20; 157; 2-15; 2-4; 247; 4-20; B38; CA1; CB6; LY-CoV2016; P2C-1F11,,,
,,,,476,DS,Liu20h,,476,DS,SARS2-21; SARS2-34; SARS2-71,,,
,,,,477,GINR,Liu20h,,477,GINR,SARS2-07; SARS2-16; SARS2-19; SARS2-23; SARS2-34; SARS2-58; SARS2-71,,,
,,,,478,IP,Liu20h,,478,IP,SARS2-19; SARS2-21; SARS2-71,,,
,,,,479,LS,Liu20h,,479,LS,SARS2-21; SARS2-34; SARS2-71,,,
,,,,483,AFG,Li20h; Liu20h; Weisblum20,,483,AFG,C121; P2B-2F6; SARS2-23; X593,,,
,,,,484,ADGKQV,Baum20; Greaney20; Liu20h; Tortorici20; Weisblum20,,484,ADGKQV,1B07; 2B04; C121; C144; COV2-2479; REGN10933; REGN10934; REGN10989; REGN10989/10934; REGN10989/10987; S2M11; SARS2-02; SARS2-23; SARS2-32; SARS2-55; SARS2-66,,,
,,,,485,D,Baum20,,485,D,REGN10989; REGN10989/10934,,,
,,,,486,AIKLSVY,Baum20; Greaney20; Liu20h; Starr20b,,486,AIKLSVY,1B07; 2B04; COV2-2832; REGN10933; REGN10989; REGN10989/10934; REGN10989/10987; SARS2-21; SARS2-58; SARS2-71,,,
,,,,487,R,Greaney20,,487,R,COV2-2165; COV2-2832,,,
,,,,490,KLS,Baum20; Greaney20; Li20h; Liu20h; Tortorici20; Weisblum20,,490,KLS,261-262; C121; C144; COV2-2479; H4; P2B-2F6; REGN10934; REGN10989; REGN10989/10934; REGN10989/10987; S2M11; SARS2-32; SARS2-66; X593,,,
,,,,493,KLR,Baum20; Starr20b; Weisblum20,,493,KLR,C121; C144; REGN10933; REGN10934; REGN10989; REGN10989/10934; REGN10989/10987,,,
,,,,494,P,Liu20h; Tortorici20; Weisblum20,,494,P,C121; C144; S2M11; SARS2-01,,,
,,,,499,L,Liu20h,,499,L,SARS2-07,,,
,,,,502,R,Liu20e,,502,R,1-20; 2-15; 2-4; 4-20,,,
,,,,504,D,Liu20h,,504,D,SARS2-31,,,
,,,,508,H,Li20h,,508,H,H014,,,
,,,,514,F,Liu20h,,514,F,SARS2-19,,,
,,,,517,R,Liu20h,,517,R,2H04,,,
,,,,831,V,Li20h,,831,V,B38,,,
